id,Course Name,Provider,Skills,Rating,Total Reviews,Level,Duration
1,Google Data Analytics,Google,"Data Storytelling, Data Literacy, Data Visualization, Data Presentation, Data Ethics, Data Cleansing, Rmarkdown, Data Validation, Ggplot2, Tableau Software, Sampling (Statistics), Presentations, Spreadsheet Software, Data Analysis, Data Visualization Software, LinkedIn, Dashboard, Data Processing, Interviewing Skills, Professional Development",4.8,177K reviews,Beginner Â,3 - 6 Months
2,Google Cybersecurity,Google,"Threat Modeling, Network Security, Threat Management, Incident Response, Vulnerability Management, Computer Security Incident Management, Hardening, Intrusion Detection and Prevention, Security Management, Security Awareness, Cyber Attacks, Cybersecurity, Network Protocols, Cloud Security, Bash (Scripting Language), Debugging, Linux, Interviewing Skills, Python Programming, SQL",4.8,60K reviews,Beginner Â,3 - 6 Months
3,Google Project Management,Google,"Quality Management, Project Management Life Cycle, Requirements Analysis, Project Scoping, Project Closure, Project Management, Project Planning, Agile Project Management, Continuous Improvement Process, Project Controls, Backlogs, Milestones (Project Management), Project Risk Management, Stakeholder Analysis, Quality Assessment, Team Management, Agile Methodology, Change Management, Interviewing Skills, Professional Development",4.8,137K reviews,Beginner Â,3 - 6 Months
4,Google Digital Marketing & E-commerce,Google,"Data Storytelling, Media Planning, Social Media Marketing, Google Ads, Email Marketing, Social Media Strategy, Order Fulfillment, Social Media Management, Search Engine Optimization, Performance Measurement, Spreadsheet Software, A/B Testing, Digital Marketing, E-Commerce, Campaign Management, Loyalty Programs, Customer Retention, Marketing, Interviewing Skills, Professional Development",4.8,45K reviews,Beginner Â,3 - 6 Months
5,Google IT Support,Google,"IT Security Architecture, Computer Networking, Operating System Administration, Package and Software Management, Network Troubleshooting, Version Control, IT Automation, Systems Administration, IT Infrastructure, TCP/IP, Git (Version Control System), Chef (Configuration Management Tool), Network Security, Ruby (Programming Language), File Systems, Microsoft Windows, Computer Hardware, Technical Support, Interviewing Skills, Professional Development",4.8,208K reviews,Beginner Â,3 - 6 Months
6,Google UX Design,Google,"Responsive Web Design, Storyboarding, Wireframing, User Experience Design, UI/UX Research, Usability Testing, Information Architecture, Presentations, User Research, Figma (Design Software), Design Reviews, Persona (User Experience), Web Content Accessibility Guidelines, User Story, Data Ethics, Usability, User Centered Design, Mockups, Interviewing Skills, Professional Development",4.8,95K reviews,Beginner Â,3 - 6 Months
7,IBM Generative AI Engineering,IBM,"Exploratory Data Analysis, Prompt Engineering, Data Wrangling, LangChain, Prompt Patterns, Large Language Modeling, Generative AI, Unsupervised Learning, PyTorch (Machine Learning Library), Restful API, Keras (Neural Network Library), Data Transformation, Supervised Learning, Flask (Web Framework), Data Analysis, Data Cleansing, Data Manipulation, Deep Learning, LLM Application, Data Import/Export",4.6,95K reviews,Beginner Â,3 - 6 Months
8,Google Advanced Data Analytics,Google,"Data Storytelling, Data Visualization, Data Ethics, Exploratory Data Analysis, Sampling (Statistics), Data Presentation, Data Visualization Software, Feature Engineering, Regression Analysis, Descriptive Statistics, Statistical Hypothesis Testing, Advanced Analytics, Data Analysis, Data Science, Tableau Software, Statistical Analysis, Machine Learning, Object Oriented Programming (OOP), Interviewing Skills, Python Programming",4.7,9.4K reviews,Advanced Â,3 - 6 Months
9,IBM Data Analyst,IBM,"Exploratory Data Analysis, Data Storytelling, Data Wrangling, Dashboard, Data Visualization Software, Plotly, Data Visualization, Generative AI, SQL, Interactive Data Visualization, Data Transformation, Data Analysis, Data Cleansing, Big Data, IBM Cognos Analytics, Excel Formulas, Professional Networking, Data Import/Export, Microsoft Excel, Python Programming",4.6,96K reviews,Beginner Â,3 - 6 Months
10,IBM AI Developer,IBM,"Prompt Engineering, Prompt Patterns, Computer Vision, Software Development Life Cycle, Large Language Modeling, Software Architecture, Generative AI, LangChain, Responsive Web Design, Restful API, LLM Application, Flask (Web Framework), Software Design, IBM Cloud, Data Import/Export, Python Programming, Engineering Software, Workflow Management, Machine Learning, Data Science",4.6,77K reviews,Beginner Â,3 - 6 Months
11,IBM Data Science,IBM,"Exploratory Data Analysis, Data Wrangling, Dashboard, Data Visualization Software, Data Visualization, SQL, Unsupervised Learning, Plotly, Interactive Data Visualization, Peer Review, Data Transformation, Supervised Learning, Jupyter, Data Analysis, Data Cleansing, Data Manipulation, Data Literacy, Generative AI, Professional Networking, Data Import/Export",4.6,147K reviews,Beginner Â,3 - 6 Months
12,Google IT Automation with Python,Google,"Git (Version Control System), GitHub, Version Control, Infrastructure as Code (IaC), Debugging, Cloud Management, Bash (Scripting Language), Puppet (Configuration Management Tool), Infrastructure As A Service (IaaS), Cloud Services, Technical Communication, Unit Testing, Web Services, Email Automation, Automation, Python Programming, Interviewing Skills, Configuration Management, Professional Development, Scripting",4.8,51K reviews,Advanced Â,3 - 6 Months
13,IBM AI Product Manager,IBM,"Prompt Engineering, AI Product Strategy, Prompt Patterns, Generative AI, New Product Development, Product Management, Product Lifecycle Management, Generative Model Architectures, Product Development, Innovation, Product Roadmaps, Usability Testing, Product Planning, Commercialization, Artificial Intelligence, Product Strategy, Project Management Life Cycle, OpenAI, Stakeholder Engagement, Stakeholder Management",4.7,32K reviews,Beginner Â,3 - 6 Months
14,Google Business Intelligence,Google,"Data Modeling, Database Design, Stakeholder Engagement, Dashboard, Business Intelligence, Extract, Transform, Load, Tableau Software, Databases, Data Warehousing, Database Systems, Data Pipelines, Data-Driven Decision-Making, Data Visualization, Interviewing Skills, Business Process, Business Analysis, Professional Development, Google Gemini, Data Analysis, SQL",4.8,5.6K reviews,Advanced Â,3 - 6 Months
15,IBM Full Stack Software Developer,IBM,"Prompt Engineering, CI/CD, Software Development Life Cycle, Cloud-Native Computing, Software Architecture, Istio, Cloud Computing Architecture, Application Deployment, React Redux, Kubernetes, Node.JS, Responsive Web Design, Restful API, Django (Web Framework), Git (Version Control System), Server Side, Hypertext Markup Language (HTML), Cloud Computing, Data Import/Export, Engineering Software",4.6,58K reviews,Beginner Â,3 - 6 Months
16,IBM DevOps and Software Engineering,IBM,"User Story, CI/CD, Open Web Application Security Project (OWASP), Continuous Integration, Software Development Life Cycle, Software Architecture, Istio, Linux Commands, Cloud Computing Architecture, Application Deployment, Test Driven Development (TDD), Kubernetes, Gherkin (Scripting Language), Restful API, DevOps, Git (Version Control System), Grafana, Software Engineering, Data Import/Export, Application Development",4.6,63K reviews,Beginner Â,3 - 6 Months
17,IBM Data Analytics with Excel and R,IBM,"Data Storytelling, Interactive Data Visualization, Data Visualization Software, Data Visualization, Database Design, Shiny (R Package), Data Wrangling, Exploratory Data Analysis, Relational Databases, Big Data, Ggplot2, Data Analysis, IBM Cognos Analytics, Data Presentation, Data Mining, Dashboard, Excel Formulas, Data Manipulation, Web Scraping, Microsoft Excel",4.7,30K reviews,Beginner Â,3 - 6 Months
18,IBM Back-End Development,IBM,"Open Web Application Security Project (OWASP), Software Development Life Cycle, Software Architecture, Istio, Linux Commands, Application Deployment, Kubernetes, NoSQL, Bash (Scripting Language), MongoDB, Restful API, Shell Script, Django (Web Framework), Object-Relational Mapping, OpenShift, Git (Version Control System), Grafana, Microservices, Data Import/Export, Python Programming",4.6,51K reviews,Beginner Â,3 - 6 Months
19,IBM Data Engineering,IBM,"NoSQL, Apache Spark, Data Warehousing, Apache Hadoop, Extract, Transform, Load, Apache Airflow, Web Scraping, Linux Commands, Database Design, SQL, IBM Cognos Analytics, MySQL, Database Administration, Data Store, Generative AI, Professional Networking, Data Import/Export, Python Programming, Data Analysis, Data Science",4.6,61K reviews,Beginner Â,3 - 6 Months
20,IBM Relational Database Administrator with GenAI,IBM,"Data Engineering, Data Warehousing, Extract, Transform, Load, Apache Airflow, Web Scraping, Linux Commands, Database Design, SQL, Database Administration, MySQL, Data Pipelines, Apache Kafka, Database Management, Bash (Scripting Language), Shell Script, Database Architecture and Administration, Data Store, Generative AI, Data Import/Export, Data Security",4.6,60K reviews,Intermediate Â,3 - 6 Months
21,Microsoft Power BI Data Analyst,Microsoft,"Power BI, Microsoft Excel, Data Analysis, Data Literacy, Data Visualization, Data Storage, Microsoft Power Platform, Data Collection, Data Quality, Business Analytics, Timelines, Advanced Analytics, Database Design, Statistical Reporting, Statistical Visualization, Business Intelligence, Data Integration, Data Storage Technologies, SQL, Data Manipulation",4.6,8.5K reviews,Beginner Â,3 - 6 Months
22,Generative AI Leader,Google Cloud,"Prompt Engineering, Generative AI Agents, Google Gemini, Responsible AI, Google Workspace, Generative AI, Google Cloud Platform, AI Product Strategy, Productivity Software, LLM Application, Business Leadership, Unstructured Data, Tool Calling, Data Ethics, Customer experience improvement, Artificial Intelligence, Data Governance, Organizational Strategy, Cloud Computing, Collaboration",4.6,578 reviews,Beginner Â,3 - 6 Months
23,IBM Data Management,IBM,"Dashboard, Data Storytelling, Data Warehousing, SQL, Data Visualization, Data Security, Data Migration, Database Design, Data Governance, MySQL, Descriptive Statistics, Extract, Transform, Load, Data Store, Data Management, Relational Databases, Databases, Exploratory Data Analysis, Data Architecture, Excel Formulas, Business Intelligence",4.7,18K reviews,Beginner Â,3 - 6 Months
24,IBM Business Analyst,IBM,"Data Storytelling, Risk Mitigation, Business Analysis, Business Process Modeling, Risk Analysis, Project Scoping, Process Flow Diagrams, Stakeholder Analysis, Process Optimization, Data Visualization, Requirements Management, Prompt Engineering, Risk Management, Stakeholder Management, Digital Transformation, Responsible AI, Excel Formulas, Microsoft Excel, Business Analytics, Business Requirements",4.7,14K reviews,Beginner Â,3 - 6 Months
25,IBM Business Intelligence (BI) Analyst,IBM,"Dashboard, Data Storytelling, Data Visualization, Database Design, MySQL, Presentations, Descriptive Statistics, Extract, Transform, Load, Business Intelligence, Data Visualization Software, IBM DB2, Tableau Software, Relational Databases, Star Schema, IBM Cognos Analytics, Interactive Data Visualization, Microsoft SQL Servers, Regression Analysis, Forecasting, Excel Formulas",4.7,15K reviews,Beginner Â,3 - 6 Months
26,"IBM AI Engineering with Python, PyTorch & TensorFlow",IBM,"Prompt Engineering, Apache Spark, Large Language Modeling, Computer Vision, PyTorch (Machine Learning Library), Unsupervised Learning, Generative AI, PySpark, Keras (Neural Network Library), Supervised Learning, Deep Learning, Image Analysis, Reinforcement Learning, Regression Analysis, LLM Application, Scikit Learn (Machine Learning Library), Applied Machine Learning, Machine Learning, Python Programming, Data Science",4.6,21K reviews,Intermediate Â,3 - 6 Months
27,IBM RAG and Agentic AI: Build Next-Gen AI Systems,IBM,"Prompt Engineering, LangChain, Tool Calling, LangGraph, Agentic systems, Multimodal Prompts, Generative AI, LLM Application, Responsible AI, Generative AI Agents, OpenAI, Artificial Intelligence and Machine Learning (AI/ML), Application Design, Application Deployment, Application Development, Large Language Modeling, UI Components, Semantic Web, Artificial Intelligence, Software Development",4.6,434 reviews,Advanced Â,3 - 6 Months
28,Meta Social Media Marketing,Meta,"Paid media, Social Media Management, Social Media, Social Media Marketing, Target Audience, Marketing Analytics, Content Creation, Social Media Strategy, Social Media Campaigns, Instagram, Persona Development, Advertising Campaigns, Marketing Effectiveness, Advertising, Marketing Budgets, Smart Goals, Campaign Management, Key Performance Indicators (KPIs), Digital Marketing, Brand Management",4.8,22K reviews,Beginner Â,3 - 6 Months
29,Intuit Academy Bookkeeping: Balance Books Like a Boss,Intuit,"Reconciliation, Financial Statements, Financial Statement Analysis, Inventory Accounting, Payroll, Bookkeeping, QuickBooks (Accounting Software), Payroll Administration, Inventory Control, Payroll Processing, Income Statement, Balance Sheet, Financial Reporting, Depreciation, Fixed Asset, Payroll Tax, Property Accounting, Accounting Software, Financial Accounting, Financial Analysis",4.6,7.9K reviews,Beginner Â,3 - 6 Months
30,IBM Java Developer,IBM,"Prompt Engineering, Cloud-Native Computing, Software Development Life Cycle, Software Architecture, Hibernate (Java), Database Design, Responsive Web Design, Docker (Software), Containerization, Git (Version Control System), GitHub, Object Oriented Programming (OOP), Microservices, CI/CD, Restful API, Java Programming, Engineering Software, Version Control, Database Management, Software Design",4.6,6.6K reviews,Beginner Â,3 - 6 Months
31,IBM Full-Stack JavaScript Developer,IBM,"Node.JS, Software Development Life Cycle, Software Architecture, Istio, Application Deployment, React Redux, Kubernetes, CI/CD, Cloud-Native Computing, Responsive Web Design, NoSQL, OpenShift, Restful API, Git (Version Control System), Cloud Applications, GitHub, Ajax, Javascript, Azure DevOps, Engineering Software",4.6,8.5K reviews,Beginner Â,3 - 6 Months
32,IBM JavaScript Backend Developer,IBM,"Open Web Application Security Project (OWASP), Node.JS, Containerization, Software Development Life Cycle, Software Architecture, Istio, Application Deployment, Kubernetes, Cloud-Native Computing, Responsive Web Design, NoSQL, OpenShift, Restful API, Git (Version Control System), Cloud Applications, Ajax, Grafana, Javascript, Azure DevOps, Engineering Software",4.6,8.2K reviews,Beginner Â,3 - 6 Months
33,Microsoft AI Product Manager,Microsoft,"Competitive Analysis, Market Research, User Story, User Interface (UI), Product Roadmaps, Competitive Intelligence, AI Product Strategy, Usability, Persona Development, Product Development, Market Analysis, Product Management, Product Lifecycle Management, Customer Analysis, Design Thinking, Market Intelligence, User Interface (UI) Design, Quality Assurance and Control, Product Strategy, Data Analysis",4.6,253 reviews,Beginner Â,3 - 6 Months
34,IBM Product Owner,IBM,"AI Product Strategy, User Story, Sprint Retrospectives, Backlogs, Agile Product Development, Generative AI, Agile Software Development, Stakeholder Communications, Agile Methodology, Kanban Principles, Responsible AI, Product Roadmaps, Virtual Teams, Information Technology, Agile Project Management, Computer Hardware, Product Strategy, ChatGPT, Stakeholder Management, Sprint Planning",4.7,6.6K reviews,Beginner Â,3 - 6 Months
35,IBM iOS and Android Mobile App Developer,IBM,"React Native, Prompt Engineering, Software Development Life Cycle, Flutter (Software), Software Architecture, Swift Programming, Mobile Development, Apple Xcode, Android Studio, Android Development, React Redux, Apple iOS, Responsive Web Design, Git (Version Control System), GitHub, Software Design, Android (Operating System), Cascading Style Sheets (CSS), User Experience Design, AI Personalization",4.6,7.4K reviews,Beginner Â,3 - 6 Months
36,"IBM Front-End Development with Figma, Bootstrap & Git",IBM,"Bootstrap (Front-End Framework), Software Development Life Cycle, Cloud-Native Computing, Software Architecture, Browser Compatibility, React Redux, Cloud Applications, Responsive Web Design, NoSQL, Git (Version Control System), GitHub, Webpack, Application Development, MongoDB, Software Design, Agile Methodology, Hypertext Markup Language (HTML), HTML and CSS, User Experience Design, Engineering Software",4.6,7.6K reviews,Beginner Â,3 - 6 Months
37,IBM IT Project Manager,IBM,"User Story, Stakeholder Engagement, Software Development Life Cycle, Software Architecture, Project Management Life Cycle, Resource Management, Peer Review, Agile Software Development, Earned Value Management, Stakeholder Management, Agile Methodology, Project Risk Management, Kanban Principles, Project Management, Information Technology, Risk Management, Interviewing Skills, Agile Project Management, Leadership, Communication",4.7,9.8K reviews,Beginner Â,3 - 6 Months
38,IBM Product Manager,IBM,"AI Product Strategy, User Story, Usability Testing, New Product Development, Product Management, Product Lifecycle Management, Generative AI, Product Development, Innovation, Agile Software Development, Product Roadmaps, Agile Methodology, Kanban Principles, Responsible AI, Backlogs, Product Planning, Sprint Retrospectives, Agile Project Management, ChatGPT, Leadership",4.8,4.1K reviews,Beginner Â,3 - 6 Months
39,Meta Front-End Developer,Meta,"User Experience Design, User Interface and User Experience (UI/UX) Design, User Experience, Design Research, Linux Commands, User Centered Design, Debugging, User Interface (UI), Software Versioning, Software Visualization, Web Content Accessibility Guidelines, Pseudocode, JavaScript Frameworks, Javascript, Web Applications, Semantic Web, Cascading Style Sheets (CSS), Unit Testing, Application Development, API Design",4.7,23K reviews,Beginner Â,3 - 6 Months
40,IBM IT Scrum Master,IBM,"User Story, Software Development Life Cycle, Software Architecture, Sprint Retrospectives, Agile Software Development, Kanban Principles, DevOps, Backlogs, Software Design, Scrum (Software Development), Information Technology, Software Engineering, Computer Hardware, Software Design Patterns, Agile Methodology, Agile Project Management, Team Building, Risk Management, Leadership, Communication",4.8,11K reviews,Beginner Â,3 - 6 Months
41,IBM and ISC2 Cybersecurity Specialist,Multiple educators,"Incident Response, Network Security, Computer Security Incident Management, Cloud Computing Architecture, Penetration Testing, Cloud Services, Business Continuity, Disaster Recovery, Security Controls, Generative AI, Configuration Management, Governance, Cloud Security, Cloud Infrastructure, Cybersecurity, Data Storage, Peripheral Devices, Application Security, Information Technology, Cryptography",4.7,14K reviews,Beginner Â,3 - 6 Months
42,HRCI Human Resource Associate,HRCI,"Talent Acquisition, Training and Development, Compensation and Benefits, Training Programs, Recruitment, Employee Training, Full Cycle Recruitment, Job Analysis, Employee Performance Management, Compensation Management, Performance Appraisal, Job Evaluation, Developing Training Materials, Compensation Strategy, Performance Management, Human Resource Policies, Employee Relations, Occupational Safety And Health, Risk Management, Business Risk Management",4.8,2.9K reviews,Beginner Â,3 - 6 Months
43,Adobe Graphic Designer: Design that Demands Attention,Adobe,"Adobe Illustrator, Adobe Photoshop, Responsible AI, Logo Design, Generative AI, Graphic Design, User Interface and User Experience (UI/UX) Design, Productivity Software, Visual Design, Digital Design, File Management, Process Design, Design Reviews, Prompt Engineering, Image Analysis, Presentations, Client Services, Content Creation, Branding, Storytelling",4.7,1.8K reviews,Beginner Â,3 - 6 Months
44,IBM Cybersecurity Analyst,IBM,"Operating System Administration, Cyber Threat Hunting, Incident Response, IT Service Management, Identity and Access Management, Cloud Computing, Governance Risk Management and Compliance, Information Technology Infrastructure Library, Endpoint Security, Malware Protection, Penetration Testing, Computer Security Incident Management, Linux Commands, Database Management, Network Security, Networking Hardware, Cybersecurity, Cyber Threat Intelligence, Interviewing Skills, Cyber Security Assessment",4.6,27K reviews,Beginner Â,3 - 6 Months
45,Adobe Marketing Specialist,Adobe,"Promotional Strategies, Marketing Planning, Social Media Content, Responsible AI, Digital Marketing, Cross-Channel Marketing, Logo Design, Content Marketing, Creative Design, Target Audience, Generative AI, Digital Advertising, Marketing Strategies, Campaign Management, Content Creation, Social Media Marketing, Graphic Design, Content Strategy, Advertising, Market Research",4.7,1.8K reviews,Beginner Â,3 - 6 Months
46,DeepLearning.AI Data Engineering,Multiple educators,"Apache Airflow, Data Modeling, Data Pipelines, Data Storage, Data Architecture, Requirements Analysis, Data Processing, Data Warehousing, Query Languages, Apache Hadoop, Extract, Transform, Load, Data Lakes, Amazon Web Services, File Systems, Apache Spark, Database Systems, Feature Engineering, Data Integration, AWS Kinesis, Data Management",4.7,529 reviews,Intermediate Â,3 - 6 Months
47,Adobe Content Creator: Launching Your Creative Career,Adobe,"Photo/Video Production and Technology, Video Editing, Typography, Responsible AI, Media Production, Logo Design, Generative AI, Social Media, Content Creation, Graphic Design, Social Media Management, Creative Design, Adobe Photoshop, Visual Design, Content Marketing, Infographics, Content Strategy, Color Theory, Storytelling, Branding",4.7,1.8K reviews,Beginner Â,3 - 6 Months
48,"IBM Data Architect with SQL, Spark & Kafka",IBM,"NoSQL, Data Warehousing, SQL, Apache Hadoop, Extract, Transform, Load, Apache Airflow, Data Security, Linux Commands, Data Migration, Database Design, Data Governance, MySQL, Database Administration, Apache Spark, Data Pipelines, Apache Kafka, Database Management, Bash (Scripting Language), Data Store, Data Architecture",4.6,7.1K reviews,Beginner Â,3 - 6 Months
49,Arizona State University TESOL,Arizona State University,"Oral Comprehension, Education Software and Technology, Pedagogy, Literacy, Teaching, Learning Strategies, Instructional Strategies, Enthusiasm, Motivational Skills, Oral Expression, Learning Styles, Technology Strategies, Grammar, Language Learning, English Language, Language Competency, Constructive Feedback, Design Elements And Principles, Learning Theory, Self-Awareness",4.9,21K reviews,Beginner Â,3 - 6 Months
50,Microsoft Excel,Microsoft,"Excel Macros, Prompt Engineering, Microsoft Excel, Data Cleansing, Excel Formulas, Pivot Tables And Charts, Microsoft Copilot, Dashboard, Forecasting, Data Presentation, Data Storytelling, Data Processing, Data Visualization Software, Data Manipulation, Data Visualization, Workflow Management, Data Wrangling, Data Quality, Statistical Analysis, Data Transformation",4.3,246 reviews,Beginner Â,3 - 6 Months
51,IBM Systems Analyst,IBM,"Data Storytelling, Business Process Modeling, Business Analysis, Stakeholder Management, Stakeholder Analysis, Process Optimization, Data Visualization, Requirements Management, Process Mapping, Business Process, Systems Design, Process Analysis, Process Flow Diagrams, Systems Analysis, Database Design, Release Management, Data Modeling, Information Technology, Database Management, Agile Methodology",4.7,4.7K reviews,Beginner Â,3 - 6 Months
52,IBM Data Warehouse Engineer,IBM,"Data Warehousing, SQL, Extract, Transform, Load, Apache Airflow, Linux Commands, Database Design, IBM Cognos Analytics, MySQL, Database Administration, Data Pipelines, Apache Kafka, Database Management, Bash (Scripting Language), Shell Script, Database Architecture and Administration, Data Store, IBM DB2, Data Visualization, Relational Databases, Dashboard",4.7,6.5K reviews,Beginner Â,3 - 6 Months
53,Microsoft Business Analyst,Microsoft,"Microsoft Power Platform, Excel Formulas, Process Flow Diagrams, Business Process Modeling, User Story, Business Requirements, Stakeholder Management, Data Modeling, Microsoft Excel, Software Development Life Cycle, Requirements Analysis, Requirements Elicitation, Quality Management, Pivot Tables And Charts, Microsoft Visio, Power BI, Microsoft Power Automate/Flow, Business Analysis, Scrum (Software Development), Data Analysis",4.6,1.3K reviews,Beginner Â,3 - 6 Months
54,SAP Technology Consultant,SAP,"Relationship Building, Project Management, Case Studies, Technology Solutions, Project Implementation, Software As A Service, Project Management Life Cycle, Systems Analysis, Enterprise Architecture, Enterprise Resource Planning, Consultative Approaches, Solution Architecture, Project Closure, Stakeholder Communications, Test Planning, Stakeholder Management, Agile Methodology, Technical Communication, Company, Product, and Service Knowledge, LinkedIn",4.7,1.4K reviews,Beginner Â,3 - 6 Months
55,IBM IT Support,IBM,"Cloud Computing Architecture, Technical Support, Technical Support and Services, Cloud Services, Generative AI, Hardware Troubleshooting, IT Service Management, Cloud Security, Cybersecurity, Desktop Support, Cloud Platforms, Cloud Hosting, Cloud Engineering, Cloud Computing, Professional Networking, Data Storage, Peripheral Devices, Information Technology, Cloud Infrastructure, Customer Service",4.7,12K reviews,Beginner Â,3 - 6 Months
56,ADP Entry-Level Payroll Specialist,"Automatic Data Processing, Inc. (ADP)","Payroll, Payroll Administration, Payroll Processing, Payroll Reporting, Payroll Tax, Payroll Systems, Labor Compliance, Data Entry, Labor Law, Compensation Management, Human Resource Strategy, Compensation and Benefits, Non-Profit Accounting, Payment Processing and Collection, Benefits Administration, Tax Compliance, Specialized Accounting, Reconciliation, Workforce Management, Data Analysis",4.7,683 reviews,Beginner Â,3 - 6 Months
57,Meta iOS Developer,Meta,"React Native, iOS Development, Core Data (Software), Restful API, Version Control, Apple iOS, UI/UX Research, Usability Testing, Apple Xcode, Data Structures, Swift Programming, Jest (JavaScript Testing Framework), User Interface (UI), Unix Commands, Git (Version Control System), Persona (User Experience), GitHub, Interaction Design, Mobile Development, Javascript",4.6,8.4K reviews,Beginner Â,3 - 6 Months
58,Meta Android Developer,Meta,"React Native, Android Studio, Restful API, Version Control, UI/UX Research, Usability Testing, Git (Version Control System), Data Structures, Jest (JavaScript Testing Framework), Unix Commands, Android Jetpack, Android Development, Persona (User Experience), GitHub, Interaction Design, Kotlin, User Experience Design, User Interface and User Experience (UI/UX) Design, Mobile Development, Javascript",4.6,8.9K reviews,Beginner Â,3 - 6 Months
59,DeepLearning.AI Data Analytics,DeepLearning.AI,"Data Storytelling, Web Scraping, Google Sheets, Data Visualization, Data Presentation, Spreadsheet Software, Large Language Modeling, Tableau Software, Data Literacy, Dashboard, LinkedIn, Pandas (Python Package), Time Series Analysis and Forecasting, Probability & Statistics, Extract, Transform, Load, Statistical Analysis, Statistics, Data Manipulation, Data Analysis, Descriptive Statistics",4.7,206 reviews,Beginner Â,3 - 6 Months
60,Microsoft Project Management: Build Job-Ready Skills,Microsoft,"Stakeholder Management, Team Management, Stakeholder Analysis, Virtual Teams, Scheduling, Conflict Management, Project Schedules, Project Management Life Cycle, Project Management, Risk Mitigation, Teamwork, Project Management Office (PMO), Procurement, Project Coordination, Kanban Principles, Performance Measurement, Risk Management, Communication, Planning, Budgeting",4.7,631 reviews,Beginner Â,3 - 6 Months
61,DeepLearning.AI Generative AI for Software Development,DeepLearning.AI,"Prompt Engineering, Large Language Modeling, Database Design, LLM Application, Software Documentation, Software Design Patterns, Databases, Test Automation, Collaborative Software, Software Testing, Application Design, Technical Documentation, Generative AI, Database Management, Software Design, Code Review, Software Architecture, Software Engineering, Software Development, Machine Learning",4.6,705 reviews,Beginner Â,1 - 3 Months
62,Meta Back-End Developer,Meta,"Django (Web Framework), Full-Stack Web Development, Version Control, Restful API, Data Structures, Unix Commands, Bootstrap (Front-End Framework), Git (Version Control System), Back-End Web Development, GitHub, Web Design and Development, Relational Databases, Front-End Web Development, Object Oriented Programming (OOP), Database Management Systems, SQL, Database Design, Python Programming, Computer Programming, Cloud Hosting",4.6,9.6K reviews,Beginner Â,3 - 6 Months
63,Microsoft Cloud Support Associate,Microsoft,"Microsoft 365, Network Security, Cloud Management, Microsoft Azure, Business Software, Computer Hardware, Virtual Machines, Identity and Access Management, Cybersecurity, Network Troubleshooting, Microsoft Office, Desktop Support, Virtual Private Networks (VPN), Azure Active Directory, Technical Support, Hardware Troubleshooting, System Monitoring, Disaster Recovery, Cloud Computing, Network Protocols",4.7,1.4K reviews,Beginner Â,3 - 6 Months
64,IBM Applied DevOps Engineering,IBM,"User Story, CI/CD, Open Web Application Security Project (OWASP), Continuous Integration, Istio, Application Deployment, Test Driven Development (TDD), Kubernetes, Gherkin (Scripting Language), Jenkins, Agile Software Development, DevOps, Code Coverage, OpenShift, Cloud Applications, Behavior-Driven Development, Secure Coding, Grafana, System Monitoring, Agile Methodology",4.7,7.7K reviews,Intermediate Â,3 - 6 Months
65,Microsoft IT Support: Your Launchpad into Tech,Microsoft,"Microsoft 365, Network Security, Business Software, Computer Hardware, Cybersecurity, Microsoft Office, Desktop Support, Virtual Private Networks (VPN), Network Troubleshooting, Technical Support, Hardware Troubleshooting, Generative AI, Operating Systems, Collaborative Software, System Support, Network Protocols, TCP/IP, Application Security, Microsoft Teams, Cloud Computing",4.8,1.3K reviews,Beginner Â,3 - 6 Months
66,Meta Marketing Analytics,Meta,"Data Storytelling, Business Metrics, Key Performance Indicators (KPIs), Marketing Analytics, Bayesian Statistics, Data Visualization, Descriptive Statistics, Marketing Effectiveness, Statistical Hypothesis Testing, Target Audience, Marketing Strategies, Data Cleansing, Pandas (Python Package), Data Modeling, Data Analysis, Data Visualization Software, A/B Testing, Data Collection, Marketing, Interviewing Skills",4.7,4.2K reviews,Beginner Â,3 - 6 Months
67,IBM Project Manager,IBM,"User Story, Stakeholder Engagement, Project Management Life Cycle, Resource Management, Risk Management, Peer Review, Agile Software Development, Earned Value Management, Stakeholder Management, Agile Methodology, Project Risk Management, Kanban Principles, Backlogs, Stakeholder Analysis, Project Management, IT Management, Interviewing Skills, Professional Networking, Leadership, Communication",4.8,5.3K reviews,Beginner Â,3 - 6 Months
68,Meta Database Engineer,Meta,"MySQL, Database Design, Version Control, Database Management Systems, Database Management, MySQL Workbench, Extract, Transform, Load, Data Modeling, Data Structures, SQL, Unix Commands, Relational Databases, Databases, Git (Version Control System), Database Systems, GitHub, Stored Procedure, Object Oriented Programming (OOP), Database Administration, Database Development",4.6,7.4K reviews,Beginner Â,3 - 6 Months
69,Preparing for Google Cloud Certification: Cloud Security Engineer,Google Cloud,"Application Performance Management, Distributed Denial-Of-Service (DDoS) Attacks, Google Cloud Platform, Kubernetes, Cloud Infrastructure, Identity and Access Management, Data Loss Prevention, Load Balancing, System Monitoring, Prompt Engineering, Network Monitoring, Cloud Computing Architecture, Containerization, Network Architecture, Role-Based Access Control (RBAC), Network Security, OAuth, Network Routing, Cloud Security, Virtual Private Networks (VPN)",4.7,50K reviews,Intermediate Â,3 - 6 Months
70,"IBM Deep Learning with PyTorch, Keras and Tensorflow",IBM,"PyTorch (Machine Learning Library), Keras (Neural Network Library), Deep Learning, Reinforcement Learning, Unsupervised Learning, Artificial Neural Networks, Machine Learning Methods, Generative AI, Tensorflow, Image Analysis, Computer Vision, Artificial Intelligence, Geospatial Information and Technology, Machine Learning, Regression Analysis, Data Pipelines, Network Architecture, Network Model, Predictive Modeling, Natural Language Processing",4.5,4K reviews,Intermediate Â,3 - 6 Months
71,Preparing for Google Cloud Certification: Cloud Architect,Google Cloud,"Cloud Infrastructure, Identity and Access Management, Kubernetes, Google Cloud Platform, Prompt Engineering, Application Deployment, Cloud Storage, Containerization, Infrastructure As A Service (IaaS), Cloud Computing, CI/CD, Cloud-Native Computing, Terraform, Cloud Applications, Cloud Computing Architecture, Cloud Security, Cloud Management, Cloud Services, Load Balancing, Network Planning And Design",4.7,59K reviews,Intermediate Â,3 - 6 Months
72,Preparing for Google Cloud Certification: Cloud Network Engr,Google Cloud,"Application Performance Management, Distributed Denial-Of-Service (DDoS) Attacks, Google Cloud Platform, Cloud Infrastructure, Load Balancing, System Monitoring, Prompt Engineering, Kubernetes, Network Performance Management, Network Monitoring, Firewall, Cloud Computing Architecture, Containerization, Network Architecture, Network Security, Cloud Storage, Cloud Services, Network Routing, Virtual Private Networks (VPN), Network Troubleshooting",4.7,50K reviews,Intermediate Â,3 - 6 Months
73,Preparing for Google Cloud Certification: Cloud Engineer,Google Cloud,"Cloud Infrastructure, Identity and Access Management, Kubernetes, Google Cloud Platform, Cloud Management, Prompt Engineering, Cloud Storage, Containerization, Infrastructure As A Service (IaaS), Cloud-Native Computing, Terraform, Cloud Applications, Cloud Computing Architecture, Cloud Services, Load Balancing, Application Deployment, Infrastructure as Code (IaC), Virtual Machines, Data Storage Technologies, Cloud Computing",4.7,59K reviews,Intermediate Â,3 - 6 Months
74,Epic Games Game Design,Epic Games,"Unreal Engine, Game Design, Video Game Development, Animation and Game Design, Ideation, 3D Modeling, Visualization (Computer Graphics), Software Documentation, Software Design Documents, 3D Assets, User Experience Design, Computer Graphics, Usability, User Interface (UI), User Experience, User Interface (UI) Design, Interactive Design, Virtual Environment, Version Control, Prototyping",4.3,523 reviews,Beginner Â,3 - 6 Months
75,Preparing for Google Cloud Certification: Machine Learning Engineer,Google Cloud,"Feature Engineering, MLOps (Machine Learning Operations), Responsible AI, Prompt Engineering, Google Cloud Platform, Generative AI, Tensorflow, Dataflow, Keras (Neural Network Library), Data Quality, Exploratory Data Analysis, Machine Learning Methods, Machine Learning, Applied Machine Learning, Data Pipelines, Apache Airflow, Scikit Learn (Machine Learning Library), Data Cleansing, Real Time Data, Cloud Computing",4.4,4.9K reviews,Intermediate Â,3 - 6 Months
76,Amazon Junior Software Developer with GenAI,Amazon,"Git (Version Control System), Software Development Methodologies, JUnit, Requirements Analysis, Version Control, Application Development, Software Development Life Cycle, SQL, Full-Stack Web Development, Test Driven Development (TDD), Software Development, Restful API, Object Oriented Programming (OOP), Object Oriented Design, Database Management, MySQL, Digital Transformation, Relational Databases, Java Programming, Generative AI",4.4,456 reviews,Beginner Â,3 - 6 Months
77,Meta Data Analyst with GenAI,Meta,"Data Storytelling, Business Metrics, Key Performance Indicators (KPIs), Data Management, Data Collection, Data Governance, Bayesian Statistics, Data Visualization, Descriptive Statistics, Statistical Hypothesis Testing, Information Privacy, Data Cleansing, Pandas (Python Package), Data Quality, Data Analysis, Data Visualization Software, Spreadsheet Software, Exploratory Data Analysis, SQL, Python Programming",4.7,1.7K reviews,Beginner Â,3 - 6 Months
78,NASM Personal Fitness Trainer,National Academy of Sports Medicine,"Goal Setting, Exercise Science, Kinesiology, Nutrition and Diet, Nutrition Counseling, Smart Goals, Health Assessment, Sports Medicine, Human Musculoskeletal System, Preventative Care, Public Health and Disease Prevention, Nutritional Assessment, Respiration, Physiology, Neurology, Automated External Defibrillator, Rehabilitation, Cardiopulmonary Resuscitation (CPR), Coaching, Health And Wellness Coaching",4.7,264 reviews,Beginner Â,3 - 6 Months
79,AAPC Medical Biller,AAPC,"Medical Billing, Denial Management, ICD Coding (ICD-9/ICD-10), Patient Registration, Billing, Medical Billing and Coding, Medical Coding, CPT Coding, Accounts Receivable, Payment Processing and Collection, Medical Office Procedures, Utilization Management, Medical Records, Billing & Invoicing, Insurance, Medicare, Health Insurance Portability And Accountability Act (HIPAA) Compliance, Health Systems, Healthcare Industry Knowledge, Regulatory Compliance",4.7,91 reviews,Beginner Â,3 - 6 Months
80,IBM UI/UX Designer,IBM,"User Story, Information Architecture, UI/UX Research, User Research, User Interface and User Experience (UI/UX) Design, Design Thinking, User Experience, Agile Software Development, User Centered Design, Agile Methodology, Usability, Responsive Web Design, Usability Testing, Kanban Principles, User Interface (UI), Figma (Design Software), Wireframing, Design Research, Prototyping, Persona (User Experience)",4.9,2.7K reviews,Beginner Â,3 - 6 Months
81,Microsoft Cybersecurity Analyst,Microsoft,"Threat Modeling, MITRE ATT&CK Framework, Penetration Testing, Azure Active Directory, Network Security, Computer Systems, Security Information and Event Management (SIEM), Security Testing, Encryption, Cybersecurity, System Testing, Cloud Security, Vulnerability Scanning, Threat Management, Cloud Computing, Authentications, Active Directory, Operating Systems, Data Management, Computer Security Incident Management",4.7,2.8K reviews,Beginner Â,3 - 6 Months
82,Google Cloud Digital Leader Training,Google Cloud,"Cloud Management, Serverless Computing, Google Cloud Platform, Digital Transformation, Data Governance, Cloud Services, Distributed Denial-Of-Service (DDoS) Attacks, Cloud Security, Cloud Infrastructure, Data Strategy, Application Programming Interface (API), Cloud Solutions, Real Time Data, Business Transformation, Data Management, Hybrid Cloud Computing, Data Warehousing, Artificial Intelligence, Responsible AI, Data Security",4.8,4.7K reviews,Beginner Â,3 - 6 Months
83,Preparing for Google Cloud Certification: Cloud DevOps Engr,Google Cloud,"Site Reliability Engineering, Kubernetes, Application Performance Management, Google Cloud Platform, Cloud Infrastructure, System Monitoring, Prompt Engineering, Application Deployment, Identity and Access Management, CI/CD, Containerization, Cloud Storage, Cloud Security, Cloud Services, Cloud Management, Service Level Agreement, Virtual Machines, Safety Culture, Network Monitoring, Culture Transformation",4.7,54K reviews,Beginner Â,3 - 6 Months
84,DeepLearning.AI TensorFlow Developer,DeepLearning.AI,"Tensorflow, Computer Vision, Image Analysis, Keras (Neural Network Library), Natural Language Processing, Time Series Analysis and Forecasting, Deep Learning, Artificial Neural Networks, Generative AI, Predictive Modeling, Applied Machine Learning, Artificial Intelligence and Machine Learning (AI/ML), Artificial Intelligence, Text Mining, Machine Learning Methods, Forecasting, Data Processing, Machine Learning, Supervised Learning",4.7,25K reviews,Intermediate Â,3 - 6 Months
85,Preparing for Google Cloud Certification: Cloud Developer,Google Cloud,"API Gateway, Google Gemini, Cloud Applications, Kubernetes, Google Cloud Platform, Containerization, Cloud Infrastructure, Cloud Development, Cloud-Native Computing, Prompt Engineering, CI/CD, Microservices, Docker (Software), Application Deployment, Application Development, Serverless Computing, Identity and Access Management, Cloud Computing, Cloud Storage, Debugging",4.7,49K reviews,Intermediate Â,3 - 6 Months
86,Tableau Business Intelligence Analyst,Tableau Learning Partner,"Data Storytelling, Exploratory Data Analysis, Requirements Elicitation, Data Presentation, Data Governance, Data Ethics, Tableau Software, Business Analysis, Data Literacy, Data Visualization, Data Visualization Software, Data Warehousing, Business Metrics, Dashboard, Extract, Transform, Load, Stakeholder Analysis, Data Analysis, Spatial Data Analysis, Data Quality, Data Management",4.7,1.1K reviews,Beginner Â,3 - 6 Months
87,Microsoft Python Development,Microsoft,"Web Scraping, Data Structures, Git (Version Control System), Generative AI, Version Control, Matplotlib, Plotly, DevOps, Agile Methodology, Web Development, Data Ethics, Flask (Web Framework), Data Visualization, Scripting, GitHub, Debugging, Data Cleansing, Data Analysis, Automation, Cloud Computing",4.4,517 reviews,Beginner Â,3 - 6 Months
88,AWS Cloud Solutions Architect,Amazon Web Services,"AWS Identity and Access Management (IAM), Amazon CloudWatch, Data Lakes, Amazon DynamoDB, Amazon Web Services, Serverless Computing, Cloud Computing, Amazon S3, Scalability, Amazon Elastic Compute Cloud, Event-Driven Programming, Cloud Security, Solution Architecture, Data Visualization, Cloud Storage, Data Architecture, Software Architecture, Cloud Computing Architecture, API Gateway, Hybrid Cloud Computing",4.8,6.9K reviews,Intermediate Â,3 - 6 Months
89,AWS Cloud Technology Consultant,Amazon Web Services,"AWS Identity and Access Management (IAM), Infrastructure as Code (IaC), Large Language Modeling, Amazon CloudWatch, AWS CloudFormation, Amazon DynamoDB, Software Development Life Cycle, CI/CD, Amazon Web Services, Professional Networking, Prompt Engineering, IT Automation, Cloud Computing, Extract, Transform, Load, Software Architecture, Cloud Computing Architecture, Cloud Management, Data Management, Problem Solving, Teamwork",4.8,6.8K reviews,Beginner Â,3 - 6 Months
90,IBM Program Manager,IBM,"User Story, Program Management, Stakeholder Management, Resource Allocation, Agile Software Development, Agile Methodology, Kanban Principles, Project Management Life Cycle, Backlogs, Change Management, Project Management Office (PMO), Organizational Change, Responsible AI, Sprint Retrospectives, Agile Project Management, Organizational Strategy, Risk Management, Governance, Project Management, Leadership",4.8,2.8K reviews,Beginner Â,3 - 6 Months
91,AWS Cloud Support Associate,Amazon Web Services,"AWS Identity and Access Management (IAM), Infrastructure as Code (IaC), Command-Line Interface, Amazon CloudWatch, AWS CloudFormation, Root Cause Analysis, Amazon DynamoDB, Customer Relationship Building, Network Troubleshooting, Amazon Web Services, Customer Relationship Management, Software Architecture, IT Automation, Linux Commands, Cloud Computing, Linux, Web Applications, Information Technology, Customer Service, Software Development",4.8,6.6K reviews,Beginner Â,3 - 6 Months
92,Salesforce Sales Operations,Salesforce,"Sales Pipelines, Sales Process, Sales Operations, Customer Success Management, Order Management, Sales Management, Salesforce, Dashboard, Sales, Sales Development, Lead Generation, Request For Quotation (RFQ), Sales Support, Customer Relationship Management, Sales Enablement, Product Knowledge, B2B Sales, Campaign Management, Data Visualization, Sales Training",4.6,2K reviews,Beginner Â,3 - 6 Months
93,Google Professional Workspace Administrator,Google Cloud,"User Provisioning, Data Governance, Google Workspace, Data Loss Prevention, Gmail, User Accounts, Google Gemini, Information Management, Email Security, Data Management, Data Security, Document Management, Group Policy, Identity and Access Management, Mobile Security, Records Management, Email Automation, Data Storage, Security Management, Technical Support",4.7,1.5K reviews,Beginner Â,1 - 4 Weeks
94,IBM Ethical Hacking with Open Source Tools,IBM,"Threat Detection, Penetration Testing, Exploit development, Cyber Threat Intelligence, Threat Management, Linux Administration, Incident Response, Vulnerability Scanning, Cyber Security Assessment, Vulnerability Assessments, Vulnerability Management, Cybersecurity, Network Security, Network Monitoring, Bash (Scripting Language), Network Troubleshooting, Anomaly Detection, Information Systems Security, Cyber Security Policies, Network Analysis",4.6,108 reviews,Intermediate Â,3 - 6 Months
95,Johns Hopkins Medical Office Manager,Johns Hopkins University,"Medical Billing and Coding, Denial Management, Patient Registration, Care Management, Revenue Cycle Management, Practice Management, Organizational Change, Change Management, Health Insurance Portability And Accountability Act (HIPAA) Compliance, Performance Review, Data Management, ICD Coding (ICD-9/ICD-10), Medical Terminology, Human Resource Policies, Payment Processing and Collection, Medical Billing, Patient Safety, Continuous Quality Improvement (CQI), Healthcare Industry Knowledge, Data Analysis",4.7,194 reviews,Beginner Â,3 - 6 Months
96,IBM Machine Learning with Python & Scikit-learn,IBM,"Exploratory Data Analysis, Feature Engineering, Unsupervised Learning, Supervised Learning, Regression Analysis, Dimensionality Reduction, Time Series Analysis and Forecasting, Reinforcement Learning, Generative Model Architectures, Deep Learning, Data Analysis, Statistical Methods, Statistical Inference, Applied Machine Learning, Predictive Modeling, Statistical Hypothesis Testing, Machine Learning Algorithms, Machine Learning, Data Science, Python Programming",4.6,3.4K reviews,Intermediate Â,3 - 6 Months
97,Microsoft Full-Stack Developer,Microsoft,"CI/CD, GitHub, C# (Programming Language), HTML and CSS, Load Balancing, Continuous Integration, Git (Version Control System), Role-Based Access Control (RBAC), Scalability, Object Oriented Programming (OOP), Authentications, ASP.NET, Full-Stack Web Development, Web Development, Debugging, SQL, Application Deployment, Microsoft Copilot, .NET Framework, Graph Theory",4.6,282 reviews,Beginner Â,3 - 6 Months
98,Microsoft AI & ML Engineering,Microsoft,"Unsupervised Learning, Generative AI, Large Language Modeling, Data Management, Natural Language Processing, MLOps (Machine Learning Operations), Supervised Learning, Microsoft Azure, Deep Learning, Artificial Intelligence and Machine Learning (AI/ML), Infrastructure Architecture, LLM Application, Responsible AI, Generative AI Agents, Applied Machine Learning, Reinforcement Learning, Data Ethics, Prompt Engineering, Data Processing, Application Deployment",4.5,263 reviews,Intermediate Â,3 - 6 Months
99,Google Cloud Cybersecurity,Google Cloud,"Cloud Security, Identity and Access Management, Intrusion Detection and Prevention, Computer Security Incident Management, Threat Management, Cyber Threat Hunting, Risk Management Framework, Cyber Attacks, Cybersecurity, Cyber Operations, Vulnerability Management, Continuous Monitoring, Event Monitoring, Disaster Recovery, Generative AI, DevSecOps, Data Security, Cloud Storage, Large Language Modeling, Google Cloud Platform",4.5,379 reviews,Beginner Â,3 - 6 Months
100,Microsoft SQL Server,Microsoft,"Stored Procedure, Star Schema, Microsoft SQL Servers, Database Design, Relational Databases, Data Integrity, Data Integration, SQL, Transaction Processing, Power BI, Data Warehousing, Database Management, Transact-SQL, Database Development, Data Maintenance, Databases, Query Languages, Database Architecture and Administration, Database Systems, Data Management",4.4,114 reviews,Beginner Â,3 - 6 Months
